pertSize,reactionTime,initialResponse
100,5.51499959993089,-1
-50,3.05899885797407,1
300,1.30199505078781,-1
0,4.07200110709528,-1
25,3.96999563348072,1
-300,1.94599977314647,1
-150,1.07699768566818,-1
200,0.942998062135302,-1
50,1.75299779247871,1
-25,3.06599601757625,-1
-100,1.60600001847342,1
-150,2.10099648880714,1
NaN,2.23300234747148,-1
