pertSize,reactionTime,initialResponse
-150,1.56099813043693,1
200,0.888999776718265,-1
0,3.37699938094738,-1
-100,1.78499571252178,1
50,2.3529953742036,-1
-300,1.74799899458594,1
0,2.80699823510804,-1
-25,2.70100352334703,-1
300,1.09100258445687,-1
150,1.90500300788699,-1
-200,1.144997279167,1
-50,5.48199950993148,-1
25,4.15199605035741,1
100,1.57700054180896,-1
150,3.65800281250267,-1
-200,1.51300105440896,1
0,3.42299568450107,1
100,NaN,NaN
