pertSize,reactionTime,initialResponse
300,2.98499274074857,-1
0,2.40299520063127,-1
25,2.27599733185343,-1
-300,1.4169967447524,1
-150,2.05999814295501,1
200,2.3239919930711,-1
50,3.57499403249676,-1
-25,3.25299391352746,-1
-100,1.48299210846017,1
-150,1.78900049483491,1
300,1.88999535476614,-1
