pertSize,reactionTime,initialResponse
-150,1.03199282133573,1
200,0.781996989731851,-1
0,5.59799139630923,1
-100,1.78299414563662,1
50,5.42599453056027,1
-300,0.0410005854355404,1
0,4.32999538934382,-1
-25,1.67999896979745,1
300,0.890992202519556,-1
150,1.63999994909682,-1
-200,1.47699147403182,1
-50,2.64099456393888,1
25,4.72799290538387,1
