pertSize,reactionTime,initialResponse
25,5.47300218308374,1
100,3.8450024341364,-1
150,6.37100308466324,-1
-200,0.843001326560625,1
0,5.27200411725062,-1
100,1.82200136685424,-1
-50,2.91600568592548,1
300,1.68600086963124,-1
0,3.26899900854187,1
25,2.83000123858801,-1
-300,0.49199924361892,1
-150,1.76600234473153,1
200,1.33500063288375,-1
50,3.83100621056656,-1
-25,4.40199859678978,1
-100,2.22400154793286,1
-150,0.487001676323416,1
25,5.77299956226489,1
