pertSize,reactionTime,initialResponse
100,2.22100664841855,1
25,4.82899984825053,1
-50,3.66600408673548,1
-200,0.71800628733763,1
NaN,NaN,NaN
