pertSize,reactionTime,initialResponse
-150,2.7719946343932,1
200,1.62900228166836,-1
0,6.34699728679698,1
-100,2.73399729907396,1
50,3.48000231981132,-1
-300,3.88300011336833,1
0,5.72000053131342,-1
-25,7.30499642443465,1
300,0.022001147386618,-1
150,3.1689930137436,-1
-200,2.91899960351293,1
-50,5.50399394441047,1
25,7.7769987479478,-1
100,5.38899474203936,-1
150,2.29299937963515,-1
-200,2.43899330425484,1
