pertSize,reactionTime,initialResponse
-200,1.62800574993889,1
0,3.41999917959765,-1
100,3.33200547766319,-1
-50,2.57000575673737,1
300,1.18300383114547,-1
0,5.74200752234174,1
25,3.79800557434646,-1
-300,3.56400201666111,1
-150,4.10600222706853,1
200,1.65900644171052,-1
50,5.99699926102039,-1
-25,3.84399917709379,1
-100,4.41300819980825,1
-150,3.70300783908169,1
NaN,5.706007092238,-1
