pertSize,reactionTime,initialResponse
100,3.10500090134155,-1
25,2.57300711954304,1
-50,1.75200566208514,1
-200,0.350002951614442,1
150,NaN,NaN
