pertSize,reactionTime,initialResponse
-200,7.13599856496148,1
150,3.26299888467474,-1
100,3.60400064730493,-1
-200,3.24000605678884,1
