pertSize,reactionTime,initialResponse
50,1.17099535393208,-1
-25,0.711000883937231,-1
-100,1.86999745237699,1
-150,2.4209947769632,1
50,3.43099591660575,1
